src_dir,source,target,resolved
infrastructure/production,../modules/somleng_freeswitch,infrastructure/modules/somleng_freeswitch,True
Scenarios/sample-apps/petclinic/terraform,./modules/app_instance,Scenarios/sample-apps/petclinic/terraform/modules/app_instance,True
Scenarios/sample-apps/petclinic/terraform,./modules/app_instance,Scenarios/sample-apps/petclinic/terraform/modules/app_instance,True
Scenarios/sample-apps/petclinic/terraform,./modules/app_instance,Scenarios/sample-apps/petclinic/terraform/modules/app_instance,True
Scenarios/sample-apps/petclinic/terraform,./modules/app_instance,Scenarios/sample-apps/petclinic/terraform/modules/app_instance,True
Scenarios/sample-apps/petclinic/terraform,./modules/app_instance,Scenarios/sample-apps/petclinic/terraform/modules/app_instance,True
haproxy,./servercert,haproxy/servercert,True
tlsproxy,./servercert,tlsproxy/servercert,True
tlsproxy,./servercert,tlsproxy/servercert,True
terraform/modules/apt/v1,../../hgi-openstack-instance/v2,terraform/modules/hgi-openstack-instance/v2,True
terraform/modules/arvados/v2/api-db,../../../hgi-openstack-instance/v1,terraform/modules/hgi-openstack-instance/v1,True
terraform/modules/arvados/v2/cluster,../shell,terraform/modules/arvados/v2/shell,True
terraform/modules/arvados/v2/cluster,../compute-node-noconf,terraform/modules/arvados/v2/compute-node-noconf,True
terraform/modules/arvados/v2/cluster,../master,terraform/modules/arvados/v2/master,True
terraform/modules/arvados/v2/cluster,../keepproxy,terraform/modules/arvados/v2/keepproxy,True
terraform/modules/arvados/v2/cluster,../sso,terraform/modules/arvados/v2/sso,True
terraform/modules/arvados/v2/cluster,../workbench,terraform/modules/arvados/v2/workbench,True
terraform/modules/arvados/v2/cluster,../keep,terraform/modules/arvados/v2/keep,True
terraform/modules/arvados/v2/cluster,../monitor,terraform/modules/arvados/v2/monitor,True
terraform/modules/arvados/v2/cluster,../api-backend,terraform/modules/arvados/v2/api-backend,False
terraform/modules/arvados/v2/cluster,../api-db,terraform/modules/arvados/v2/api-db,True
terraform/modules/arvados/v2/compute-node-noconf,../../../hgi-openstack-instance/v1,terraform/modules/hgi-openstack-instance/v1,True
terraform/modules/arvados/v2/keep,../../../hgi-openstack-instance/v1,terraform/modules/hgi-openstack-instance/v1,True
terraform/modules/arvados/v2/keepproxy,../../../hgi-openstack-instance/v1,terraform/modules/hgi-openstack-instance/v1,True
terraform/modules/arvados/v2/master,../../../hgi-openstack-instance/v1,terraform/modules/hgi-openstack-instance/v1,True
terraform/modules/arvados/v2/monitor,../../../hgi-openstack-instance/v1,terraform/modules/hgi-openstack-instance/v1,True
terraform/modules/arvados/v2/shell,../../../hgi-openstack-instance/v1,terraform/modules/hgi-openstack-instance/v1,True
terraform/modules/arvados/v2/sso,../../../hgi-openstack-instance/v1,terraform/modules/hgi-openstack-instance/v1,True
terraform/modules/arvados/v2/workbench,../../../hgi-openstack-instance/v1,terraform/modules/hgi-openstack-instance/v1,True
terraform/modules/arvados/v3/api-backend,../../../hgi-openstack-instance/v1,terraform/modules/hgi-openstack-instance/v1,True
terraform/modules/arvados/v3/api-db,../../../hgi-openstack-instance/v1,terraform/modules/hgi-openstack-instance/v1,True
terraform/modules/arvados/v3/cluster,../shell,terraform/modules/arvados/v3/shell,True
terraform/modules/arvados/v3/cluster,../irobot,terraform/modules/arvados/v3/irobot,True
terraform/modules/arvados/v3/cluster,../master,terraform/modules/arvados/v3/master,True
terraform/modules/arvados/v3/cluster,../sso,terraform/modules/arvados/v3/sso,True
terraform/modules/arvados/v3/cluster,../keepproxy,terraform/modules/arvados/v3/keepproxy,True
terraform/modules/arvados/v3/cluster,../keep,terraform/modules/arvados/v3/keep,True
terraform/modules/arvados/v3/cluster,../compute-node-noconf,terraform/modules/arvados/v3/compute-node-noconf,True
terraform/modules/arvados/v3/cluster,../api-backend,terraform/modules/arvados/v3/api-backend,True
terraform/modules/arvados/v3/cluster,../api-db,terraform/modules/arvados/v3/api-db,True
terraform/modules/arvados/v3/cluster,../workbench,terraform/modules/arvados/v3/workbench,True
terraform/modules/arvados/v3/cluster,../monitor,terraform/modules/arvados/v3/monitor,True
terraform/modules/arvados/v3/compute-node-noconf,../../../hgi-openstack-instance/v1,terraform/modules/hgi-openstack-instance/v1,True
terraform/modules/arvados/v3/irobot,../../../hgi-openstack-instance/v1,terraform/modules/hgi-openstack-instance/v1,True
terraform/modules/arvados/v3/keep,../../../hgi-openstack-instance/v1,terraform/modules/hgi-openstack-instance/v1,True
terraform/modules/arvados/v3/keepproxy,../../../hgi-openstack-instance/v1,terraform/modules/hgi-openstack-instance/v1,True
terraform/modules/arvados/v3/master,../../../hgi-openstack-instance/v1,terraform/modules/hgi-openstack-instance/v1,True
terraform/modules/arvados/v3/monitor,../../../hgi-openstack-instance/v1,terraform/modules/hgi-openstack-instance/v1,True
terraform/modules/arvados/v3/shell,../../../hgi-openstack-instance/v1,terraform/modules/hgi-openstack-instance/v1,True
terraform/modules/arvados/v3/sso,../../../hgi-openstack-instance/v1,terraform/modules/hgi-openstack-instance/v1,True
terraform/modules/arvados/v3/workbench,../../../hgi-openstack-instance/v1,terraform/modules/hgi-openstack-instance/v1,True
terraform/modules/arvados/v4/api-backend,../../../hgi-openstack-instance/v1,terraform/modules/hgi-openstack-instance/v1,True
terraform/modules/arvados/v4/api-db,../../../hgi-openstack-instance/v1,terraform/modules/hgi-openstack-instance/v1,True
terraform/modules/arvados/v4/cluster,../workbench,terraform/modules/arvados/v4/workbench,True
terraform/modules/arvados/v4/cluster,../keepproxy,terraform/modules/arvados/v4/keepproxy,True
terraform/modules/arvados/v4/cluster,../monitor,terraform/modules/arvados/v4/monitor,True
terraform/modules/arvados/v4/cluster,../master,terraform/modules/arvados/v4/master,True
terraform/modules/arvados/v4/cluster,../api-db,terraform/modules/arvados/v4/api-db,True
terraform/modules/arvados/v4/cluster,../sso,terraform/modules/arvados/v4/sso,True
terraform/modules/arvados/v4/cluster,../shell,terraform/modules/arvados/v4/shell,True
terraform/modules/arvados/v4/cluster,../compute-node-noconf,terraform/modules/arvados/v4/compute-node-noconf,True
terraform/modules/arvados/v4/cluster,../irobot,terraform/modules/arvados/v4/irobot,True
terraform/modules/arvados/v4/cluster,../api-backend,terraform/modules/arvados/v4/api-backend,True
terraform/modules/arvados/v4/compute-node-noconf,../../../hgi-openstack-instance/v2,terraform/modules/hgi-openstack-instance/v2,True
terraform/modules/arvados/v4/irobot,../../../hgi-openstack-instance/v1,terraform/modules/hgi-openstack-instance/v1,True
terraform/modules/arvados/v4/keepproxy,../../../hgi-openstack-instance/v3,terraform/modules/hgi-openstack-instance/v3,True
terraform/modules/arvados/v4/master,../../../hgi-openstack-instance/v1,terraform/modules/hgi-openstack-instance/v1,True
terraform/modules/arvados/v4/monitor,../../../hgi-openstack-instance/v1,terraform/modules/hgi-openstack-instance/v1,True
terraform/modules/arvados/v4/shell,../../../hgi-openstack-instance/v1,terraform/modules/hgi-openstack-instance/v1,True
terraform/modules/arvados/v4/sso,../../../hgi-openstack-instance/v1,terraform/modules/hgi-openstack-instance/v1,True
terraform/modules/arvados/v4/workbench,../../../hgi-openstack-instance/v1,terraform/modules/hgi-openstack-instance/v1,True
terraform/modules/docker-consul-server/v1,../../hgi-openstack-instance/v1,terraform/modules/hgi-openstack-instance/v1,True
terraform/modules/docker-consul-server/v2,../../hgi-openstack-instance/v2,terraform/modules/hgi-openstack-instance/v2,True
terraform/modules/github-to-gitlab/github-to-gitlab-v2,../../hgi-openstack-instance/v1,terraform/modules/hgi-openstack-instance/v1,True
terraform/modules/hail/v1/cluster,../master,terraform/modules/hail/v1/master,True
terraform/modules/hail/v1/cluster,../compute,terraform/modules/hail/v1/compute,True
terraform/modules/hail/v1/compute,../../../hgi-openstack-instance/v1,terraform/modules/hgi-openstack-instance/v1,True
terraform/modules/hail/v1/master,../../../hgi-openstack-instance/v1,terraform/modules/hgi-openstack-instance/v1,True
terraform/modules/hail/v2/cluster,../compute,terraform/modules/hail/v2/compute,True
terraform/modules/hail/v2/cluster,../master,terraform/modules/hail/v2/master,True
terraform/modules/hail/v2/compute,../../../hgi-openstack-instance/v2,terraform/modules/hgi-openstack-instance/v2,True
terraform/modules/hail/v2/master,../../../hgi-openstack-instance/v2,terraform/modules/hgi-openstack-instance/v2,True
terraform/modules/studentportal/studentportal-v2,../../hgi-openstack-instance/v1,terraform/modules/hgi-openstack-instance/v1,True
terraform/modules/webhook-router/webhook-router-v1,../../hgi-openstack-instance/v1,terraform/modules/hgi-openstack-instance/v1,True
terraform/modules/webhook-router/webhook-router-v1,../../hgi-openstack-instance/v1,terraform/modules/hgi-openstack-instance/v1,True
terraform/modules/webserver/v1,../../hgi-openstack-instance/v1,terraform/modules/hgi-openstack-instance/v1,True
terraform/zeta-hgi,../modules/hail/v2/cluster,terraform/modules/hail/v2/cluster,True
terraform/zeta-hgi,../modules/hail/v2/cluster,terraform/modules/hail/v2/cluster,True
terraform/zeta-hgi,../modules/studentportal/studentportal-v2,terraform/modules/studentportal/studentportal-v2,True
terraform/zeta-hgi,../modules/apt/v1,terraform/modules/apt/v1,True
terraform/zeta-hgi,../modules/github-to-gitlab/github-to-gitlab-v2,terraform/modules/github-to-gitlab/github-to-gitlab-v2,True
terraform/zeta-hgi,../modules/hail/v1/cluster,terraform/modules/hail/v1/cluster,True
terraform/zeta-hgi,../modules/hail/v2/cluster,terraform/modules/hail/v2/cluster,True
terraform/zeta-hgi,../modules/hail/v2/cluster,terraform/modules/hail/v2/cluster,True
terraform/zeta-hgi,../modules/hail/v2/cluster,terraform/modules/hail/v2/cluster,True
terraform/zeta-hgi,../modules/webserver/v1,terraform/modules/webserver/v1,True
terraform/zeta-hgi,../modules/webhook-router/webhook-router-v1,terraform/modules/webhook-router/webhook-router-v1,True
terraform/zeta-hgi-core,../modules/hgi-openstack-image,terraform/modules/hgi-openstack-image,True
terraform/zeta-hgi-core,../modules/hgi-openstack-image,terraform/modules/hgi-openstack-image,True
terraform/zeta-hgi-core,../modules/openstack-v2,terraform/modules/openstack-v2,True
terraform/zeta-hgi-core,../modules/ssh-gateway-v2,terraform/modules/ssh-gateway-v2,True
terraform/zeta-hgi-core,../modules/hgi-openstack-image,terraform/modules/hgi-openstack-image,True
terraform/zeta-hgi-core,../modules/hgi-openstack-image,terraform/modules/hgi-openstack-image,True
terraform/zeta-hgi-core,../modules/hgi-openstack-image,terraform/modules/hgi-openstack-image,True
terraform/zeta-hgiarvados,../modules/arvados/v3/cluster,terraform/modules/arvados/v3/cluster,True
terraform/zeta-hgiarvados,../modules/docker-consul-server/v1,terraform/modules/docker-consul-server/v1,True
terraform/zeta-hgiarvados-bbpin,../modules/arvados/v4/cluster,terraform/modules/arvados/v4/cluster,True
terraform/zeta-hgiarvados-bbpin,../modules/docker-consul-server/v2,terraform/modules/docker-consul-server/v2,True
terraform/zeta-hgiarvados-bbpin-core,../modules/hgi-openstack-image,terraform/modules/hgi-openstack-image,True
terraform/zeta-hgiarvados-bbpin-core,../modules/hgi-openstack-image,terraform/modules/hgi-openstack-image,True
terraform/zeta-hgiarvados-bbpin-core,../modules/hgi-openstack-image,terraform/modules/hgi-openstack-image,True
terraform/zeta-hgiarvados-bbpin-core,../modules/hgi-openstack-image,terraform/modules/hgi-openstack-image,True
terraform/zeta-hgiarvados-bbpin-core,../modules/openstack-v2,terraform/modules/openstack-v2,True
terraform/zeta-hgiarvados-bbpin-core,../modules/ssh-gateway-v2,terraform/modules/ssh-gateway-v2,True
terraform/zeta-hgiarvados-core,../modules/ssh-gateway-v2,terraform/modules/ssh-gateway-v2,True
terraform/zeta-hgiarvados-core,../modules/hgi-openstack-image,terraform/modules/hgi-openstack-image,True
terraform/zeta-hgiarvados-core,../modules/hgi-openstack-image,terraform/modules/hgi-openstack-image,True
terraform/zeta-hgiarvados-core,../modules/hgi-openstack-image,terraform/modules/hgi-openstack-image,True
terraform/zeta-hgiarvados-core,../modules/hgi-openstack-image,terraform/modules/hgi-openstack-image,True
terraform/zeta-hgiarvados-core,../modules/openstack-v2,terraform/modules/openstack-v2,True
terraform/zeta-hgiarvados-wlly8,../modules/docker-consul-server/v1,terraform/modules/docker-consul-server/v1,True
terraform/zeta-hgiarvados-wlly8-core,../modules/hgi-openstack-image,terraform/modules/hgi-openstack-image,True
terraform/zeta-hgiarvados-wlly8-core,../modules/hgi-openstack-image,terraform/modules/hgi-openstack-image,True
terraform/zeta-hgiarvados-wlly8-core,../modules/hgi-openstack-image,terraform/modules/hgi-openstack-image,True
terraform/zeta-hgiarvados-wlly8-core,../modules/hgi-openstack-image,terraform/modules/hgi-openstack-image,True
terraform/zeta-hgiarvados-wlly8-core,../modules/openstack-v2,terraform/modules/openstack-v2,True
terraform/zeta-hgiarvados-wlly8-core,../modules/ssh-gateway-v2,terraform/modules/ssh-gateway-v2,True
POC_PORT_AWS_TO_AZURE/simple/AWS/consul-foundation-deploy,./module-aws-simple,POC_PORT_AWS_TO_AZURE/simple/AWS/consul-foundation-deploy/module-aws-simple,True
terraform/accounts/backups,../../modules/cloudtrail,terraform/modules/cloudtrail,True
terraform/accounts/development,../../modules/cloudtrail,terraform/modules/cloudtrail,True
terraform/accounts/development,../../modules/iam-common,terraform/modules/iam-common,True
terraform/accounts/development,../../modules/switch-roles,terraform/modules/switch-roles,True
terraform/accounts/development,../../modules/paas,terraform/modules/paas,True
terraform/accounts/main,../../modules/cloudtrail,terraform/modules/cloudtrail,True
terraform/accounts/main,../../modules/jenkins/log_bucket,terraform/modules/jenkins/log_bucket,True
terraform/accounts/main,../../modules/jenkins/snapshots,terraform/modules/jenkins/snapshots,True
terraform/accounts/main,../../modules/iam-common,terraform/modules/iam-common,True
terraform/accounts/main,../../modules/iam-users,terraform/modules/iam-users,True
terraform/accounts/main,../../modules/sops-credentials,terraform/modules/sops-credentials,True
terraform/accounts/main,../../modules/logging/alarms/email-notification,terraform/modules/logging/alarms/email-notification,True
terraform/accounts/main,../../modules/logging/alarms/email-notification,terraform/modules/logging/alarms/email-notification,True
terraform/accounts/main,../../modules/jenkins/jenkins,terraform/modules/jenkins/jenkins,True
terraform/accounts/production,../../modules/cloudtrail,terraform/modules/cloudtrail,True
terraform/accounts/production,../../modules/iam-common,terraform/modules/iam-common,True
terraform/accounts/production,../../modules/switch-roles,terraform/modules/switch-roles,True
terraform/accounts/production,../../modules/paas,terraform/modules/paas,True
terraform/environments/preview,../../modules/log-groups,terraform/modules/log-groups,True
terraform/environments/preview,../../modules/log-streaming,terraform/modules/log-streaming,True
terraform/environments/preview,../../modules/antivirus-sns,terraform/modules/antivirus-sns,True
terraform/environments/preview,../../modules/logging/alarms/email-notification,terraform/modules/logging/alarms/email-notification,True
terraform/environments/preview,../../modules/logging/alarms/slow-requests,terraform/modules/logging/alarms/slow-requests,True
terraform/environments/preview,../../modules/logging/alarms/status-code,terraform/modules/logging/alarms/status-code,True
terraform/environments/preview,../../modules/logging/alarms/dropped-av-sns,terraform/modules/logging/alarms/dropped-av-sns,True
terraform/environments/preview,../../modules/router,terraform/modules/router,True
terraform/environments/preview,../../modules/logging/alarms/email-notification,terraform/modules/logging/alarms/email-notification,True
terraform/environments/preview,../../modules/logging/alarms/missing-logs,terraform/modules/logging/alarms/missing-logs,True
terraform/environments/preview,../../modules/logging/alarms/missing-logs,terraform/modules/logging/alarms/missing-logs,True
terraform/environments/preview,../../modules/logging/log-metric-filters,terraform/modules/logging/log-metric-filters,True
terraform/environments/production,../../modules/logging/alarms/missing-logs,terraform/modules/logging/alarms/missing-logs,True
terraform/environments/production,../../modules/logging/alarms/status-code,terraform/modules/logging/alarms/status-code,True
terraform/environments/production,../../modules/logging/alarms/admin-manager-password-reset,terraform/modules/logging/alarms/admin-manager-password-reset,True
terraform/environments/production,../../modules/logging/alarms/dropped-av-sns,terraform/modules/logging/alarms/dropped-av-sns,True
terraform/environments/production,../../modules/log-streaming,terraform/modules/log-streaming,True
terraform/environments/production,../../modules/logging/alarms/slow-requests,terraform/modules/logging/alarms/slow-requests,True
terraform/environments/production,../../modules/router,terraform/modules/router,True
terraform/environments/production,../../modules/logging/log-metric-filters,terraform/modules/logging/log-metric-filters,True
terraform/environments/production,../../modules/antivirus-sns,terraform/modules/antivirus-sns,True
terraform/environments/production,../../modules/logging/alarms/missing-logs,terraform/modules/logging/alarms/missing-logs,True
terraform/environments/production,../../modules/logging/alarms/reset-email-bad-role,terraform/modules/logging/alarms/reset-email-bad-role,True
terraform/environments/production,../../modules/log-groups,terraform/modules/log-groups,True
terraform/environments/production,../../modules/logging/alarms/email-notification,terraform/modules/logging/alarms/email-notification,True
terraform/environments/production,../../modules/logging/alarms/email-notification,terraform/modules/logging/alarms/email-notification,True
terraform/environments/staging,../../modules/router,terraform/modules/router,True
terraform/environments/staging,../../modules/log-groups,terraform/modules/log-groups,True
terraform/environments/staging,../../modules/log-streaming,terraform/modules/log-streaming,True
terraform/environments/staging,../../modules/antivirus-sns,terraform/modules/antivirus-sns,True
terraform/modules/cloudtrail,./modules/cloudtrail-bucket,terraform/modules/cloudtrail/modules/cloudtrail-bucket,True
terraform/modules/cloudtrail,./modules/cloudtrail-cloudwatch,terraform/modules/cloudtrail/modules/cloudtrail-cloudwatch,True
terraform/modules/cloudtrail,./modules/cloudtrail-validate-logs-role,terraform/modules/cloudtrail/modules/cloudtrail-validate-logs-role,True
terraform/modules/cloudtrail,./modules/cloudtrail-cloudtrail,terraform/modules/cloudtrail/modules/cloudtrail-cloudtrail,True
terraform/modules/iam-users,./users,terraform/modules/iam-users/users,True
resources/terraforms/admiral,../../modules/cluster,resources/modules/cluster,False
resources/terraforms/cloudtrail,../../modules/cloudtrail,resources/modules/cloudtrail,False
resources/terraforms/efs,../../modules/efs-target,resources/modules/efs-target,False
resources/terraforms/etcd,../../modules/cluster,resources/modules/cluster,False
resources/terraforms/vault,../../modules/asg-with-elb,resources/modules/asg-with-elb,False
resources/terraforms/vpc,../../modules/subnet,resources/modules/subnet,False
resources/terraforms/vpc,../../modules/subnet,resources/modules/subnet,False
resources/terraforms/vpc,../../modules/subnet,resources/modules/subnet,False
resources/terraforms/vpc,../../modules/subnet,resources/modules/subnet,False
resources/terraforms/vpc,../../modules/subnet,resources/modules/subnet,False
resources/terraforms/vpc,../../modules/subnet,resources/modules/subnet,False
resources/terraforms/vpc,../../modules/subnet,resources/modules/subnet,False
resources/terraforms/vpc,../../modules/subnet,resources/modules/subnet,False
resources/terraforms/vpc,../../modules/subnet,resources/modules/subnet,False
resources/terraforms/vpc,../../modules/subnet,resources/modules/subnet,False
resources/terraforms/vpc,../../modules/subnet,resources/modules/subnet,False
resources/terraforms/vpc,../../modules/subnet,resources/modules/subnet,False
resources/terraforms/vpc,../../modules/subnet,resources/modules/subnet,False
resources/terraforms/vpc,../../modules/subnet,resources/modules/subnet,False
